Workbook

Sheet MSFT
A1: Date | B1: Open | C1: High | D1: Low | E1: Close | F1: Adj Close | G1: Volume | H1: MS%change
A2: 43102 | B2: 86.129997 | C2: 86.309998 | D2: 85.5 | E2: 85.949997 | F2: 80.940384 | G2: 22483800
A3: 43103 | B3: 86.059998 | C3: 86.510002 | D3: 85.970001 | E3: 86.349998 | F3: 81.317093 | G3: 26061400 | H3: =(B3-B2)/B2 -> -0.00081271337
A4: 43104 | B4: 86.589996 | C4: 87.660004 | D4: 86.57 | E4: 87.110001 | F4: 82.032776 | G4: 21912000 | H4: =(B4-B3)/B3 -> 0.006158471
A5: 43105 | B5: 87.660004 | C5: 88.410004 | D5: 87.43 | E5: 88.190002 | F5: 83.049843 | G5: 23407100 | H5: =(B5-B4)/B4 -> 0.012357178
A6: 43108 | B6: 88.199997 | C6: 88.580002 | D6: 87.599998 | E6: 88.279999 | F6: 83.13459 | G6: 22113000 | H6: =(B6-B5)/B5 -> 0.0061600841 | K6: Bin
A7: 43109 | B7: 88.650002 | C7: 88.730003 | D7: 87.860001 | E7: 88.220001 | F7: 83.078087 | G7: 19484300 | H7: =(B7-B6)/B6 -> 0.0051020977 | K7: -0.1
A8: 43110 | B8: 87.860001 | C8: 88.190002 | D8: 87.410004 | E8: 87.82 | F8: 82.701393 | G8: 18652200 | H8: =(B8-B7)/B7 -> -0.0089114606 | K8: -0.09
A9: 43111 | B9: 88.129997 | C9: 88.129997 | D9: 87.239998 | E9: 88.080002 | F9: 82.946259 | G9: 17808900 | H9: =(B9-B8)/B8 -> 0.0030730252 | K9: -0.08
A10: 43112 | B10: 88.669998 | C10: 89.779999 | D10: 88.449997 | E10: 89.599998 | F10: 84.377647 | G10: 24271500 | H10: =(B10-B9)/B9 -> 0.0061273235 | K10: -0.07
A11: 43116 | B11: 90.099998 | C11: 90.790001 | D11: 88.010002 | E11: 88.349998 | F11: 83.200516 | G11: 36599700 | H11: =(B11-B10)/B10 -> 0.016127214 | K11: -0.06
A12: 43117 | B12: 89.080002 | C12: 90.279999 | D12: 88.75 | E12: 90.139999 | F12: 84.886169 | G12: 25621200 | H12: =(B12-B11)/B11 -> -0.011320711 | K12: -0.05
A13: 43118 | B13: 89.800003 | C13: 90.669998 | D13: 89.660004 | E13: 90.099998 | F13: 84.848495 | G13: 24159700 | H13: =(B13-B12)/B12 -> 0.0080826334 | K13: -0.04
A14: 43119 | B14: 90.139999 | C14: 90.610001 | D14: 89.660004 | E14: 90 | F14: 84.754318 | G14: 36875000 | H14: =(B14-B13)/B13 -> 0.0037861469 | K14: -0.03
A15: 43122 | B15: 90 | C15: 91.620003 | D15: 89.739998 | E15: 91.610001 | F15: 86.270493 | G15: 23601600 | H15: =(B15-B14)/B14 -> -0.0015531285 | K15: -0.02
A16: 43123 | B16: 91.900002 | C16: 92.300003 | D16: 91.540001 | E16: 91.900002 | F16: 86.543602 | G16: 23412800 | H16: =(B16-B15)/B15 -> 0.021111133 | K16: -0.01
A17: 43124 | B17: 92.550003 | C17: 93.43 | D17: 91.580002 | E17: 91.82 | F17: 86.468262 | G17: 33277500 | H17: =(B17-B16)/B16 -> 0.0070729161 | K17: 0
A18: 43125 | B18: 92.470001 | C18: 93.239998 | D18: 91.93 | E18: 92.330002 | F18: 86.94854 | G18: 26383200 | H18: =(B18-B17)/B17 -> -0.0008644192 | K18: 0.01
... A27: 43138 | B27: 90.489998 | C27: 91.769997 | D27: 89.199997 | E27: 89.610001 | F27: 84.387054 | G27: 41107600 | H27: =(B27-B26)/B26 -> 0.041431684 | K27: 0.1
A28: 43139 | B28: 89.709999 | C28: 89.879997 | D28: 84.760002 | E28: 85.010002 | F28: 80.055191 | G28: 55628700 | H28: =(B28-B27)/B27 -> -0.0086197261
A29: 43140 | B29: 86.300003 | C29: 88.93 | D29: 83.830002 | E29: 88.18 | F29: 83.040421 | G29: 63499100 | H29: =(B29-B28)/B28 -> -0.038011326
A30: 43143 | B30: 88.739998 | C30: 89.779999 | D30: 87.93 | E30: 89.129997 | F30: 83.935051 | G30: 35720300 | H30: =(B30-B29)/B29 -> 0.028273406
A31: 43144 | B31: 88.93 | C31: 90 | D31: 87.800003 | E31: 89.830002 | F31: 84.594246 | G31: 26407700 | H31: =(B31-B30)/B30 -> 0.0021411089
A32: 43145 | B32: 88.510002 | C32: 90.989998 | D32: 88.410004 | E32: 90.809998 | F32: 85.918846 | G32: 34960900 | H32: =(B32-B31)/B31 -> -0.0047227932
A33: 43146 | B33: 91.209999 | C33: 92.720001 | D33: 90.620003 | E33: 92.660004 | F33: 87.669197 | G33: 27823900 | H33: =(B33-B32)/B32 -> 0.030504993
A34: 43147 | B34: 92.449997 | C34: 93.5 | D34: 91.800003 | E34: 92 | F34: 87.044739 | G34: 30596900 | H34: =(B34-B33)/B33 -> 0.013594979
A35: 43151 | B35: 91.480003 | C35: 93.059998 | D35: 91.010002 | E35: 92.720001 | F35: 87.72596 | G35: 30911700 | H35: =(B35-B34)/B34 -> -0.010492093
A36: 43152 | B36: 92.980003 | C36: 93.360001 | D36: 91.489998 | E36: 91.489998 | F36: 86.562202 | G36: 26922500 | H36: =(B36-B35)/B35 -> 0.016397026
A37: 43153 | B37: 92.050003 | C37: 92.730003 | D37: 91.360001 | E37: 91.730003 | F37: 86.789291 | G37: 24392800 | H37: =(B37-B36)/B36 -> -0.010002151
A38: 43154 | B38: 93.599998 | C38: 94.07 | D38: 92.360001 | E38: 94.059998 | F38: 88.993797 | G38: 26329200 | H38: =(B38-B37)/B37 -> 0.01683862
A39: 43157 | B39: 94.400002 | C39: 95.449997 | D39: 94.25 | E39: 95.419998 | F39: 90.280525 | G39: 30199800 | H39: =(B39-B38)/B38 -> 0.0085470515
... A1279: 44956 | B1279: 244.51 | C1279: 245.60001 | D1279: 242.2 | E1279: 242.71001 | F1279: 242.71001 | G1279: 25845300 | H1279: =(B1279-B1278)/B1278 -> -0.01799273

Sheet Tesla
A1: Date | B1: Open | C1: High | D1: Low | E1: Close | F1: Adj Close | G1: Volume | H1: Tesl%change
A2: 43102 | B2: 20.799999 | C2: 21.474001 | D2: 20.733334 | E2: 21.368668 | F2: 21.368668 | G2: 65283000
A3: 43103 | B3: 21.4 | C3: 21.683332 | D3: 21.036667 | E3: 21.15 | F3: 21.15 | G3: 67822500 | H3: =(B3-B2)/B2 -> 0.028846203
A4: 43104 | B4: 20.858 | C4: 21.236668 | D4: 20.378668 | E4: 20.974667 | F4: 20.974667 | G4: 149194500 | H4: =(B4-B3)/B3 -> -0.025327103
A5: 43105 | B5: 21.108 | C5: 21.149332 | D5: 20.799999 | E5: 21.105333 | F5: 21.105333 | G5: 68868000 | H5: =(B5-B4)/B4 -> 0.011985809
A6: 43108 | B6: 21.066668 | C6: 22.468 | D6: 21.033333 | E6: 22.427334 | F6: 22.427334 | G6: 147891000 | H6: =(B6-B5)/B5 -> -0.0019581201 | K6: Bin
A7: 43109 | B7: 22.344 | C7: 22.586666 | D7: 21.826668 | E7: 22.246 | F7: 22.246 | G7: 107199000 | H7: =(B7-B6)/B6 -> 0.060632844 | K7: -0.1
A8: 43110 | B8: 22.146667 | C8: 22.466667 | D8: 22 | E8: 22.32 | F8: 22.32 | G8: 64648500 | H8: =(B8-B7)/B7 -> -0.0088315879 | K8: -0.09
A9: 43111 | B9: 22.349333 | C9: 22.987333 | D9: 22.217333 | E9: 22.530001 | F9: 22.530001 | G9: 99682500 | H9: =(B9-B8)/B8 -> 0.0091510835 | K9: -0.08
A10: 43112 | B10: 22.575333 | C10: 22.694 | D10: 22.244667 | E10: 22.414667 | F10: 22.414667 | G10: 72376500 | H10: =(B10-B9)/B9 -> 0.010112159 | K10: -0.07
A11: 43116 | B11: 22.502666 | C11: 23 | D11: 22.32 | E11: 22.670668 | F11: 22.670668 | G11: 97114500 | H11: =(B11-B10)/B10 -> -0.0032188672 | K11: -0.06
A12: 43117 | B12: 22.698 | C12: 23.266666 | D12: 22.65 | E12: 23.143999 | F12: 23.143999 | G12: 106552500 | H12: =(B12-B11)/B11 -> 0.0086804826 | K12: -0.05
A13: 43118 | B13: 23.044666 | C13: 23.486668 | D13: 22.916 | E13: 22.971333 | F13: 22.971333 | G13: 85287000 | H13: =(B13-B12)/B12 -> 0.015272976 | K13: -0.04
A14: 43119 | B14: 23 | C14: 23.372667 | D14: 22.84 | E14: 23.334667 | F14: 23.334667 | G14: 73324500 | H14: =(B14-B13)/B13 -> -0.0019382359 | K14: -0.03
A15: 43122 | B15: 23.293333 | C15: 23.855333 | D15: 23.280001 | E15: 23.437332 | F15: 23.437332 | G15: 93156000 | H15: =(B15-B14)/B14 -> 0.012753609 | K15: -0.02
A16: 43123 | B16: 24 | C16: 24.033333 | D16: 23.4 | E16: 23.519333 | F16: 23.519333 | G16: 81981000 | H16: =(B16-B15)/B15 -> 0.030337737 | K16: -0.01
A17: 43124 | B17: 23.638666 | C17: 23.65 | D17: 22.901333 | E17: 23.059334 | F17: 23.059334 | G17: 79312500 | H17: =(B17-B16)/B16 -> -0.015055583 | K17: 0
A18: 43125 | B18: 23.218 | C18: 23.280001 | D18: 22.426666 | E18: 22.509333 | F18: 22.509333 | G18: 101104500 | H18: =(B18-B17)/B17 -> -0.017795674 | K18: 0.01
... A27: 43138 | B27: 22.599333 | C27: 23.066668 | D27: 22.377333 | E27: 23 | F27: 23 | G27: 104538000 | H27: =(B27-B26)/B26 -> 0.042372541 | K27: 0.1
A28: 43139 | B28: 22.887333 | C28: 23.241333 | D28: 20.973333 | E28: 21.015333 | F28: 21.015333 | G28: 154719000 | H28: =(B28-B27)/B27 -> 0.012743739
A29: 43140 | B29: 21.328667 | C29: 21.398666 | D29: 19.650667 | E29: 20.694668 | F29: 20.694668 | G29: 194005500 | H29: =(B29-B28)/B28 -> -0.068101688
A30: 43143 | B30: 21.075333 | C30: 21.205334 | D30: 20.416668 | E30: 21.048668 | F30: 21.048668 | G30: 93417000 | H30: =(B30-B29)/B29 -> -0.011877629
A31: 43144 | B31: 21.001333 | C31: 21.612667 | D31: 20.834 | E31: 21.577333 | F31: 21.577333 | G31: 68403000 | H31: =(B31-B30)/B30 -> -0.0035112138
A32: 43145 | B32: 21.389334 | C32: 21.744667 | D32: 21.234667 | E32: 21.487333 | F32: 21.487333 | G32: 59260500 | H32: =(B32-B31)/B31 -> 0.018475065
A33: 43146 | B33: 21.633333 | C33: 22.274668 | D33: 21.493334 | E33: 22.271334 | F33: 22.271334 | G33: 88693500 | H33: =(B33-B32)/B32 -> 0.011407508
A34: 43147 | B34: 22.166668 | C34: 22.874666 | D34: 22.109333 | E34: 22.365999 | F34: 22.365999 | G34: 84639000 | H34: =(B34-B33)/B33 -> 0.02465339
A35: 43151 | B35: 22.298 | C35: 22.722668 | D35: 22.1 | E35: 22.318001 | F35: 22.318001 | G35: 60141000 | H35: =(B35-B34)/B34 -> 0.0059247515
A36: 43152 | B36: 22.402 | C36: 22.646 | D36: 22.211332 | E36: 22.219999 | F36: 22.219999 | G36: 48294000 | H36: =(B36-B35)/B35 -> 0.0046640954
A37: 43153 | B37: 22.368668 | C37: 23.162666 | D37: 22.316668 | E37: 23.077999 | F37: 23.077999 | G37: 104547000 | H37: =(B37-B36)/B36 -> -0.0014879029
A38: 43154 | B38: 23.188667 | C38: 23.666 | D38: 23.139999 | E38: 23.469999 | F38: 23.469999 | G38: 87261000 | H38: =(B38-B37)/B37 -> 0.036658374
A39: 43157 | B39: 23.566668 | C39: 23.933332 | D39: 23.490667 | E39: 23.827999 | F39: 23.827999 | G39: 65100000 | H39: =(B39-B38)/B38 -> 0.01630111
... A1279: 44956 | B1279: 178.05 | C1279: 179.77 | D1279: 166.5 | E1279: 166.66 | F1279: 166.66 | G1279: 230203200 | H1279: =(B1279-B1278)/B1278 -> 0.096164567

Sheet Apple
A1: Date | B1: Open | C1: High | D1: Low | E1: Close | F1: Adj Close | G1: Volume | H1: App%change
A2: 43102 | B2: 42.540001 | C2: 43.075001 | D2: 42.314999 | E2: 43.064999 | F2: 40.950493 | G2: 102223600
A3: 43103 | B3: 43.1325 | C3: 43.637501 | D3: 42.990002 | E3: 43.057499 | F3: 40.943363 | G3: 118071600 | H3: =(B3-B2)/B2 -> 0.013928044
A4: 43104 | B4: 43.134998 | C4: 43.3675 | D4: 43.02 | E4: 43.2575 | F4: 41.133537 | G4: 89738400 | H4: =(B4-B3)/B3 -> 5.7914566e-05
A5: 43105 | B5: 43.360001 | C5: 43.842499 | D5: 43.262501 | E5: 43.75 | F5: 41.60186 | G5: 94640000 | H5: =(B5-B4)/B4 -> 0.0052162515
A6: 43108 | B6: 43.587502 | C6: 43.9025 | D6: 43.482498 | E6: 43.587502 | F6: 41.447338 | G6: 82271200 | H6: =(B6-B5)/B5 -> 0.0052467942 | K6: Bin
A7: 43109 | B7: 43.637501 | C7: 43.764999 | D7: 43.352501 | E7: 43.5825 | F7: 41.442593 | G7: 86336000 | H7: =(B7-B6)/B6 -> 0.0011470949 | K7: -0.1
A8: 43110 | B8: 43.290001 | C8: 43.575001 | D8: 43.25 | E8: 43.572498 | F8: 41.433071 | G8: 95839600 | H8: =(B8-B7)/B7 -> -0.0079633341 | K8: -0.09
A9: 43111 | B9: 43.647499 | C9: 43.872501 | D9: 43.622501 | E9: 43.82 | F9: 41.668427 | G9: 74670800 | H9: =(B9-B8)/B8 -> 0.0082582119 | K9: -0.08
A10: 43112 | B10: 44.044998 | C10: 44.34 | D10: 43.912498 | E10: 44.272499 | F10: 42.098713 | G10: 101672400 | H10: =(B10-B9)/B9 -> 0.0091070281 | K10: -0.07
A11: 43116 | B11: 44.474998 | C11: 44.8475 | D11: 44.035 | E11: 44.047501 | F11: 41.884754 | G11: 118263600 | H11: =(B11-B10)/B10 -> 0.0097627431 | K11: -0.06
A12: 43117 | B12: 44.037498 | C12: 44.8125 | D12: 43.767502 | E12: 44.775002 | F12: 42.576546 | G12: 137547200 | H12: =(B12-B11)/B11 -> -0.0098369875 | K12: -0.05
A13: 43118 | B13: 44.842499 | C13: 45.025002 | D13: 44.5625 | E13: 44.814999 | F13: 42.614574 | G13: 124773600 | H13: =(B13-B12)/B12 -> 0.018279899 | K13: -0.04
A14: 43119 | B14: 44.6525 | C14: 44.895 | D14: 44.352501 | E14: 44.615002 | F14: 42.4244 | G14: 129700400 | H14: =(B14-B13)/B13 -> -0.0042370297 | K14: -0.03
A15: 43122 | B15: 44.325001 | C15: 44.445 | D15: 44.150002 | E15: 44.25 | F15: 42.077312 | G15: 108434400 | H15: =(B15-B14)/B14 -> -0.0073343934 | K15: -0.02
A16: 43123 | B16: 44.325001 | C16: 44.860001 | D16: 44.205002 | E16: 44.259998 | F16: 42.086815 | G16: 130756400 | H16: =(B16-B15)/B15 -> 0 | K16: -0.01
A17: 43124 | B17: 44.3125 | C17: 44.325001 | D17: 43.299999 | E17: 43.555 | F17: 41.416439 | G17: 204420400 | H17: =(B17-B16)/B16 -> -0.00028203045 | K17: 0
A18: 43125 | B18: 43.627499 | C18: 43.737499 | D18: 42.6325 | E18: 42.7775 | F18: 40.677113 | G18: 166116000 | H18: =(B18-B17)/B17 -> -0.015458415 | K18: 0.01
... A27: 43138 | B27: 40.772499 | C27: 40.849998 | D27: 39.767502 | E27: 39.884998 | F27: 37.926632 | G27: 206434400 | H27: =(B27-B26)/B26 -> 0.053348808 | K27: 0.1
A28: 43139 | B28: 40.072498 | C28: 40.25 | D28: 38.7575 | E28: 38.787498 | F28: 36.883018 | G28: 217562000 | H28: =(B28-B27)/B27 -> -0.01716846
A29: 43140 | B29: 39.267502 | C29: 39.4725 | D29: 37.560001 | E29: 39.102501 | F29: 37.334148 | G29: 282690400 | H29: =(B29-B28)/B28 -> -0.020088491
A30: 43143 | B30: 39.625 | C30: 40.9725 | D30: 39.377499 | E30: 40.677502 | F30: 38.837936 | G30: 243278000 | H30: =(B30-B29)/B29 -> 0.0091041697
A31: 43144 | B31: 40.487499 | C31: 41.1875 | D31: 40.412498 | E31: 41.084999 | F31: 39.226997 | G31: 130196800 | H31: =(B31-B30)/B30 -> 0.021766536
A32: 43145 | B32: 40.759998 | C32: 41.884998 | D32: 40.720001 | E32: 41.842499 | F32: 39.950237 | G32: 162579600 | H32: =(B32-B31)/B31 -> 0.0067304478
A33: 43146 | B33: 42.447498 | C33: 43.272499 | D33: 42.25 | E33: 43.247501 | F33: 41.291714 | G33: 204588800 | H33: =(B33-B32)/B32 -> 0.041400885
A34: 43147 | B34: 43.09 | C34: 43.705002 | D34: 42.942501 | E34: 43.107498 | F34: 41.158028 | G34: 160704400 | H34: =(B34-B33)/B33 -> 0.015136393
A35: 43151 | B35: 43.012501 | C35: 43.564999 | D35: 42.855 | E35: 42.962502 | F35: 41.019588 | G35: 135722000 | H35: =(B35-B34)/B34 -> -0.0017985379
A36: 43152 | B36: 43.2075 | C36: 43.529999 | D36: 42.752499 | E36: 42.767502 | F36: 40.833412 | G36: 149886400 | H36: =(B36-B35)/B35 -> 0.0045335425
A37: 43153 | B37: 42.950001 | C37: 43.487499 | D37: 42.927502 | E37: 43.125 | F37: 41.17474 | G37: 123967600 | H37: =(B37-B36)/B36 -> -0.0059595903
A38: 43154 | B38: 43.4175 | C38: 43.912498 | D38: 43.384998 | E38: 43.875 | F38: 41.890839 | G38: 135249600 | H38: =(B38-B37)/B37 -> 0.010884726
A39: 43157 | B39: 44.087502 | C39: 44.8475 | D39: 44.052502 | E39: 44.7425 | F39: 42.719086 | G39: 152648800 | H39: =(B39-B38)/B38 -> 0.015431612
... A1279: 44956 | B1279: 144.96001 | C1279: 145.55 | D1279: 142.85001 | E1279: 143 | F1279: 143 | G1279: 63947600 | H1279: =(B1279-B1278)/B1278 -> 0.012573365

Sheet SP500
A1: Date | B1: Open | C1: High | D1: Low | E1: Close* | F1: Adj Close** | G1: Volume | H1: SP%change
A2: 43102 | B2: 2683.73 | C2: 2695.89 | D2: 2682.36 | E2: 2695.81 | F2: 2695.81 | G2: 3397430000
A3: 43103 | B3: 2697.85 | C3: 2714.37 | D3: 2697.77 | E3: 2713.06 | F3: 2713.06 | G3: 3544030000 | H3: =(B3-B2)/B2 -> 0.005261334
A4: 43104 | B4: 2719.31 | C4: 2729.29 | D4: 2719.07 | E4: 2723.99 | F4: 2723.99 | G4: 3697340000 | H4: =(B4-B3)/B3 -> 0.0079544823
A5: 43105 | B5: 2731.33 | C5: 2743.45 | D5: 2727.92 | E5: 2743.15 | F5: 2743.15 | G5: 3239280000 | H5: =(B5-B4)/B4 -> 0.004420239
A6: 43108 | B6: 2742.67 | C6: 2748.51 | D6: 2737.6 | E6: 2747.71 | F6: 2747.71 | G6: 3246160000 | H6: =(B6-B5)/B5 -> 0.0041518235 | K6: Bin
A7: 43109 | B7: 2751.15 | C7: 2759.14 | D7: 2747.86 | E7: 2751.29 | F7: 2751.29 | G7: 3467460000 | H7: =(B7-B6)/B6 -> 0.0030918776 | K7: -0.1
A8: 43110 | B8: 2745.55 | C8: 2750.8 | D8: 2736.06 | E8: 2748.23 | F8: 2748.23 | G8: 3579900000 | H8: =(B8-B7)/B7 -> -0.0020355124 | K8: -0.09
A9: 43111 | B9: 2752.97 | C9: 2767.56 | D9: 2752.78 | E9: 2767.56 | F9: 2767.56 | G9: 3645690000 | H9: =(B9-B8)/B8 -> 0.002702555 | K9: -0.08
A10: 43112 | B10: 2770.18 | C10: 2787.85 | D10: 2769.64 | E10: 2786.24 | F10: 2786.24 | G10: 3587220000 | H10: =(B10-B9)/B9 -> 0.0062514303 | K10: -0.07
A11: 43116 | B11: 2798.96 | C11: 2807.54 | D11: 2768.64 | E11: 2776.42 | F11: 2776.42 | G11: 4362880000 | H11: =(B11-B10)/B10 -> 0.010389217 | K11: -0.06
A12: 43117 | B12: 2784.99 | C12: 2807.04 | D12: 2778.38 | E12: 2802.56 | F12: 2802.56 | G12: 3790340000 | H12: =(B12-B11)/B11 -> -0.0049911396 | K12: -0.05
A13: 43118 | B13: 2802.4 | C13: 2805.83 | D13: 2792.56 | E13: 2798.03 | F13: 2798.03 | G13: 3703300000 | H13: =(B13-B12)/B12 -> 0.0062513689 | K13: -0.04
A14: 43119 | B14: 2802.6 | C14: 2810.33 | D14: 2798.08 | E14: 2810.3 | F14: 2810.3 | G14: 3724230000 | H14: =(B14-B13)/B13 -> 7.1367399e-05 | K14: -0.03
A15: 43122 | B15: 2809.16 | C15: 2833.03 | D15: 2808.12 | E15: 2832.97 | F15: 2832.97 | G15: 3489480000 | H15: =(B15-B14)/B14 -> 0.0023406837 | K15: -0.02
A16: 43123 | B16: 2835.05 | C16: 2842.24 | D16: 2830.59 | E16: 2839.13 | F16: 2839.13 | G16: 3541140000 | H16: =(B16-B15)/B15 -> 0.0092162782 | K16: -0.01
A17: 43124 | B17: 2845.42 | C17: 2852.97 | D17: 2824.81 | E17: 2837.54 | F17: 2837.54 | G17: 4079270000 | H17: =(B17-B16)/B16 -> 0.0036577838 | K17: 0
A18: 43125 | B18: 2846.24 | C18: 2848.56 | D18: 2830.94 | E18: 2839.25 | F18: 2839.25 | G18: 3873100000 | H18: =(B18-B17)/B17 -> 0.00028818241 | K18: 0.01
... A27: 43138 | B27: 2690.95 | C27: 2727.67 | D27: 2681.33 | E27: 2681.66 | F27: 2681.66 | G27: 4646300000 | H27: =(B27-B26)/B26 -> 0.029130558 | K27: 0.1
A28: 43139 | B28: 2685.01 | C28: 2685.27 | D28: 2580.56 | E28: 2581 | F28: 2581 | G28: 5333840000 | H28: =(B28-B27)/B27 -> -0.0022073989
A29: 43140 | B29: 2601.78 | C29: 2638.67 | D29: 2532.69 | E29: 2619.55 | F29: 2619.55 | G29: 5690110000 | H29: =(B29-B28)/B28 -> -0.030998022
A30: 43143 | B30: 2636.75 | C30: 2672.61 | D30: 2622.45 | E30: 2656 | F30: 2656 | G30: 4069220000 | H30: =(B30-B29)/B29 -> 0.013440798
A31: 43144 | B31: 2646.27 | C31: 2668.84 | D31: 2637.08 | E31: 2662.94 | F31: 2662.94 | G31: 3503540000 | H31: =(B31-B30)/B30 -> 0.0036105054
A32: 43145 | B32: 2651.21 | C32: 2702.1 | D32: 2648.87 | E32: 2698.63 | F32: 2698.63 | G32: 4011940000 | H32: =(B32-B31)/B31 -> 0.0018667785
A33: 43146 | B33: 2713.46 | C33: 2731.51 | D33: 2689.82 | E33: 2731.2 | F33: 2731.2 | G33: 3696140000 | H33: =(B33-B32)/B32 -> 0.023479845
A34: 43147 | B34: 2727.14 | C34: 2754.42 | D34: 2725.11 | E34: 2732.22 | F34: 2732.22 | G34: 3646920000 | H34: =(B34-B33)/B33 -> 0.0050415337
A35: 43151 | B35: 2722.99 | C35: 2737.6 | D35: 2706.76 | E35: 2716.26 | F35: 2716.26 | G35: 3646920000 | H35: =(B35-B34)/B34 -> -0.0015217407
A36: 43152 | B36: 2720.53 | C36: 2747.75 | D36: 2701.29 | E36: 2701.33 | F36: 2701.33 | G36: 3789040000 | H36: =(B36-B35)/B35 -> -0.00090341867
A37: 43153 | B37: 2710.42 | C37: 2731.26 | D37: 2697.77 | E37: 2703.96 | F37: 2703.96 | G37: 3720620000 | H37: =(B37-B36)/B36 -> -0.0037161877
A38: 43154 | B38: 2715.8 | C38: 2747.76 | D38: 2713.74 | E38: 2747.3 | F38: 2747.3 | G38: 3200360000 | H38: =(B38-B37)/B37 -> 0.0019849322
A39: 43157 | B39: 2757.37 | C39: 2780.64 | D39: 2753.78 | E39: 2779.6 | F39: 2779.6 | G39: 3436590000 | H39: =(B39-B38)/B38 -> 0.015306724
... A1279: 44956 | B1279: 4049.27 | C1279: 4063.85 | D1279: 4015.55 | E1279: 4017.77 | F1279: 4017.77 | G1279: 3802000000 | H1279: =(B1279-B1278)/B1278 -> -0.0010977571

Sheet combined
A1: Date | B1: MSFT | C1: MS%change | D1: Tesla | E1: Tesl%change | F1: Apple | G1: App%change | H1: SP500 | I1: SP%change
A2: 43102 | B2: 86.129997 | D2: 20.799999 | F2: 42.540001 | H2: 2683.73
A3: 43103 | B3: 86.059998 | C3: -0.00081271337 | D3: 21.4 | E3: 0.028846203 | F3: 43.1325 | G3: 0.013928044 | H3: 2697.85 | I3: 0.005261334
A4: 43104 | B4: 86.589996 | C4: 0.006158471 | D4: 20.858 | E4: -0.025327103 | F4: 43.134998 | G4: 5.7914566e-05 | H4: 2719.31 | I4: 0.0079544823
A5: 43105 | B5: 87.660004 | C5: 0.012357178 | D5: 21.108 | E5: 0.011985809 | F5: 43.360001 | G5: 0.0052162515 | H5: 2731.33 | I5: 0.004420239
A6: 43108 | B6: 88.199997 | C6: 0.0061600841 | D6: 21.066668 | E6: -0.0019581201 | F6: 43.587502 | G6: 0.0052467942 | H6: 2742.67 | I6: 0.0041518235
A7: 43109 | B7: 88.650002 | C7: 0.0051020977 | D7: 22.344 | E7: 0.060632844 | F7: 43.637501 | G7: 0.0011470949 | H7: 2751.15 | I7: 0.0030918776
A8: 43110 | B8: 87.860001 | C8: -0.0089114606 | D8: 22.146667 | E8: -0.0088315879 | F8: 43.290001 | G8: -0.0079633341 | H8: 2745.55 | I8: -0.0020355124
A9: 43111 | B9: 88.129997 | C9: 0.0030730252 | D9: 22.349333 | E9: 0.0091510835 | F9: 43.647499 | G9: 0.0082582119 | H9: 2752.97 | I9: 0.002702555
A10: 43112 | B10: 88.669998 | C10: 0.0061273235 | D10: 22.575333 | E10: 0.010112159 | F10: 44.044998 | G10: 0.0091070281 | H10: 2770.18 | I10: 0.0062514303
A11: 43116 | B11: 90.099998 | C11: 0.016127214 | D11: 22.502666 | E11: -0.0032188672 | F11: 44.474998 | G11: 0.0097627431 | H11: 2798.96 | I11: 0.010389217
A12: 43117 | B12: 89.080002 | C12: -0.011320711 | D12: 22.698 | E12: 0.0086804826 | F12: 44.037498 | G12: -0.0098369875 | H12: 2784.99 | I12: -0.0049911396
A13: 43118 | B13: 89.800003 | C13: 0.0080826334 | D13: 23.044666 | E13: 0.015272976 | F13: 44.842499 | G13: 0.018279899 | H13: 2802.4 | I13: 0.0062513689
A14: 43119 | B14: 90.139999 | C14: 0.0037861469 | D14: 23 | E14: -0.0019382359 | F14: 44.6525 | G14: -0.0042370297 | H14: 2802.6 | I14: 7.1367399e-05
... A1279: 44956 | B1279: 244.51 | C1279: -0.01799273 | D1279: 178.05 | E1279: 0.096164567 | F1279: 144.96001 | G1279: 0.012573365 | H1279: 4049.27 | I1279: -0.0010977571

Sheet MSFT Returm Distribution
A1: Bin | B1: Frequency
A2: -0.1 | B2: 0
A3: -0.09 | B3: 0
A4: -0.08 | B4: 1
A5: -0.07 | B5: 2
A6: -0.06 | B6: 5
A7: -0.05 | B7: 9
A8: -0.04 | B8: 8
A9: -0.03 | B9: 29
A10: -0.02 | B10: 81
A11: -0.01 | B11: 133
A12: 0 | B12: 328
A13: 0.01 | B13: 329
... A22: 0.1 | B22: 0

Sheet Tesla Returm Distribution
A1: Bin | B1: Frequency
A2: -0.1 | B2: 18
A3: -0.09 | B3: 7
A4: -0.08 | B4: 8
A5: -0.07 | B5: 16
A6: -0.06 | B6: 26
A7: -0.05 | B7: 35
A8: -0.04 | B8: 52
A9: -0.03 | B9: 61
A10: -0.02 | B10: 107
A11: -0.01 | B11: 117
A12: 0 | B12: 161
A13: 0.01 | B13: 164
... A22: 0.1 | B22: 13

Sheet Apple Returm Distribution
A1: Bin | B1: Frequency
A2: -0.1 | B2: 0
A3: -0.09 | B3: 0
A4: -0.08 | B4: 2
A5: -0.07 | B5: 5
A6: -0.06 | B6: 5
A7: -0.05 | B7: 11
A8: -0.04 | B8: 17
A9: -0.03 | B9: 42
A10: -0.02 | B10: 70
A11: -0.01 | B11: 149
A12: 0 | B12: 276
A13: 0.01 | B13: 334
... A22: 0.1 | B22: 2

Sheet SP500 Returm Distribution
A1: Bin | B1: Frequency
A2: -0.1 | B2: 0
A3: -0.09 | B3: 0
A4: -0.08 | B4: 0
A5: -0.07 | B5: 0
A6: -0.06 | B6: 1
A7: -0.05 | B7: 1
A8: -0.04 | B8: 4
A9: -0.03 | B9: 15
A10: -0.02 | B10: 36
A11: -0.01 | B11: 126
A12: 0 | B12: 374
A13: 0.01 | B13: 533
... A22: 0.1 | B22: 0

Sheet Reg_MSFT
B1: SUMMARY OUTPUT
B3: Regression Statistics
B4: Multiple R | C4: 0.77726735
B5: R Square | C5: 0.60414454
B6: Adjusted R Square | C6: 0.60383382
B7: Standard Error | C7: 0.011344282
B8: Observations | C8: 1276
B10: ANOVA
C11: df | D11: SS | E11: MS | F11: F | G11: Significance F
B12: Regression | C12: 1 | D12: 0.25022327 | E12: 0.25022327 | F12: 1944.3464 | G12: 1.2283432e-258
B13: Residual | C13: 1274 | D13: 0.16395455 | E13: 0.00012869274
B14: Total | C14: 1275 | D14: 0.41417782
C16: Coefficients | D16: Standard Error | E16: t Stat | F16: P-value | G16: Lower 95% | H16: Upper 95% | I16: Lower 95.0% | J16: Upper 95.0%
B17: Intercept | C17: 0.00051195662 | D17: 0.00031775731 | E17: 1.6111561 | F17: 0.1073934 | G17: -0.00011142849 | H17: 0.0011353417 | I17: -0.00011142849 | J17: 0.0011353417
B18: 0.005261334 | C18: 1.2217204 | D18: 0.027706712 | E18: 44.094743 | F18: 1.2283432e-258 | G18: 1.1673646 | H18: 1.2760762 | I18: 1.1673646 | J18: 1.2760762
B22: RESIDUAL OUTPUT
B24: Observation | C24: Predicted -0.000812713368607338 | D24: Residuals
B25: 1 | C25: 0.01023011 | D25: -0.0040716385
B26: 2 | C26: 0.0059122525 | D26: 0.0064449256
B27: 3 | C27: 0.0055843239 | D27: 0.00057576028
B28: 4 | C28: 0.0042893664 | D28: 0.00081273124
B29: 5 | C29: -0.0019748703 | D29: -0.0069365903
B30: 6 | C30: 0.0038137231 | D30: -0.00074069789
B31: 7 | C31: 0.0081494562 | D31: -0.0020221327
B32: 8 | C32: 0.013204674 | D32: 0.0029225397
B33: 9 | C33: -0.0055858202 | D33: -0.0057348904
B34: 10 | C34: 0.0081493813 | D34: -6.6747889e-05
B35: 11 | C35: 0.00059914763 | D35: 0.0031869992
B36: 12 | C36: 0.0033716175 | D36: -0.004924746
... B1300: 1276 | C1300: -0.0008291956 | D1300: -0.017163535

Sheet Reg_Tesla
B1: SUMMARY OUTPUT
B3: Regression Statistics
B4: Multiple R | C4: 0.48125389
B5: R Square | C5: 0.23160531
B6: Adjusted R Square | C6: 0.23100217
B7: Standard Error | C7: 0.038258302
B8: Observations | C8: 1276
B10: ANOVA
C11: df | D11: SS | E11: MS | F11: F | G11: Significance F
B12: Regression | C12: 1 | D12: 0.56206296 | E12: 0.56206296 | F12: 384.00208 | G12: 6.0674863e-75
B13: Residual | C13: 1274 | D13: 1.8647508 | E13: 0.0014636977
B14: Total | C14: 1275 | D14: 2.4268138
C16: Coefficients | D16: Standard Error | E16: t Stat | F16: P-value | G16: Lower 95% | H16: Upper 95% | I16: Lower 95.0% | J16: Upper 95.0%
B17: Intercept | C17: 0.0019009444 | D17: 0.0010716284 | E17: 1.7738839 | F17: 0.076321168 | G17: -0.00020140598 | H17: 0.0040032947 | I17: -0.00020140598 | J17: 0.0040032947
B18: 0.005261334 | C18: 1.831051 | D18: 0.093440178 | E18: 19.595971 | F18: 6.0674863e-75 | G18: 1.6477375 | H18: 2.0143646 | I18: 1.6477375 | J18: 2.0143646
B22: RESIDUAL OUTPUT
B24: Observation | C24: Predicted 0.0288462033099136 | D24: Residuals
B25: 1 | C25: 0.016466007 | D25: -0.04179311
B26: 2 | C26: 0.0099946274 | D26: 0.0019911814
B27: 3 | C27: 0.009503145 | D27: -0.011461265
B28: 4 | C28: 0.00756233 | D28: 0.053070514
B29: 5 | C29: -0.0018261827 | D29: -0.0070054052
B30: 6 | C30: 0.0068494605 | D30: 0.002301623
B31: 7 | C31: 0.013347632 | D31: -0.0032354735
B32: 8 | C32: 0.02092413 | D32: -0.024142997
B33: 9 | C33: -0.0072380868 | D33: 0.015918569
B34: 10 | C34: 0.01334752 | D34: 0.0019254557
B35: 11 | C35: 0.0020316217 | D35: -0.0039698577
B36: 12 | C36: 0.0061868556 | D36: 0.0065667531
... B1300: 1276 | C1300: -0.00010910493 | D1300: 0.096273672

Sheet Reg_Apple
B1: SUMMARY OUTPUT
B3: Regression Statistics
B4: Multiple R | C4: 0.7410611
B5: R Square | C5: 0.54917155
B6: Adjusted R Square | C6: 0.54881768
B7: Standard Error | C7: 0.013906498
B8: Observations | C8: 1276
B10: ANOVA
C11: df | D11: SS | E11: MS | F11: F | G11: Significance F
B12: Regression | C12: 1 | D12: 0.30012466 | E12: 0.30012466 | F12: 1551.9086 | G12: 1.2143543e-222
B13: Residual | C13: 1274 | D13: 0.24637972 | E13: 0.00019339068
B14: Total | C14: 1275 | D14: 0.54650438
C16: Coefficients | D16: Standard Error | E16: t Stat | F16: P-value | G16: Lower 95% | H16: Upper 95% | I16: Lower 95.0% | J16: Upper 95.0%
B17: Intercept | C17: 0.00065091884 | D17: 0.00038952585 | E17: 1.6710543 | F17: 0.094956559 | G17: -0.0001132638 | H17: 0.0014151015 | I17: -0.0001132638 | J17: 0.0014151015
B18: 0.005261334 | C18: 1.3380083 | D18: 0.03396454 | E18: 39.394271 | F18: 1.2143543e-222 | G18: 1.2713757 | H18: 1.4046409 | I18: 1.2713757 | J18: 1.4046409
B22: RESIDUAL OUTPUT
B24: Observation | C24: Predicted 0.0139280438662896 | D24: Residuals
B25: 1 | C25: 0.011294082 | D25: -0.011236167
B26: 2 | C26: 0.0065652352 | D26: -0.0013489836
B27: 3 | C27: 0.006206093 | D27: -0.00095929888
B28: 4 | C28: 0.0047878767 | D28: -0.0036407818
B29: 5 | C29: -0.0020726137 | D29: -0.0058907205
B30: 6 | C30: 0.0042669599 | D30: 0.003991252
B31: 7 | C31: 0.0090153843 | D31: 9.164376e-05
B32: 8 | C32: 0.014551777 | D32: -0.0047890336
B33: 9 | C33: -0.0060272673 | D33: -0.0038097203
B34: 10 | C34: 0.0090153023 | D34: 0.0092645964
B35: 11 | C35: 0.00074640901 | D35: -0.0049834387
B36: 12 | C36: 0.003782773 | D36: -0.011117166
... B1300: 1276 | C1300: -0.00081788929 | D1300: 0.013391254

Sheet Stock Comparision
A3: Row Labels | B3: MSFT. | C3: TESLA. | D3: Apple.
A4: 43102 | B4: 86.129997 | C4: 20.799999 | D4: 42.540001
A5: 43103 | B5: 86.059998 | C5: 21.4 | D5: 43.1325
A6: 43104 | B6: 86.589996 | C6: 20.858 | D6: 43.134998
A7: 43105 | B7: 87.660004 | C7: 21.108 | D7: 43.360001
A8: 43108 | B8: 88.199997 | C8: 21.066668 | D8: 43.587502
A9: 43109 | B9: 88.650002 | C9: 22.344 | D9: 43.637501
A10: 43110 | B10: 87.860001 | C10: 22.146667 | D10: 43.290001
A11: 43111 | B11: 88.129997 | C11: 22.349333 | D11: 43.647499
A12: 43112 | B12: 88.669998 | C12: 22.575333 | D12: 44.044998
A13: 43116 | B13: 90.099998 | C13: 22.502666 | D13: 44.474998
A14: 43117 | B14: 89.080002 | C14: 22.698 | D14: 44.037498
A15: 43118 | B15: 89.800003 | C15: 23.044666 | D15: 44.842499
... A1281: 44956 | B1281: 244.51 | C1281: 178.05 | D1281: 144.96001
A1282: (blank)
A1283: Grand Total | B1283: 248533.81 | C1283: 168562.08 | D1283: 125977.71

Sheet Stock Return MS vs SP
A3: Row Labels | B3: Sum of MS%change | C3: Sum of SP%change
A4: 43102
A5: 43103 | B5: -0.00081271337 | C5: 0.005261334
A6: 43104 | B6: 0.006158471 | C6: 0.0079544823
A7: 43105 | B7: 0.012357178 | C7: 0.004420239
A8: 43108 | B8: 0.0061600841 | C8: 0.0041518235
A9: 43109 | B9: 0.0051020977 | C9: 0.0030918776
A10: 43110 | B10: -0.0089114606 | C10: -0.0020355124
A11: 43111 | B11: 0.0030730252 | C11: 0.002702555
A12: 43112 | B12: 0.0061273235 | C12: 0.0062514303
A13: 43116 | B13: 0.016127214 | C13: 0.010389217
A14: 43117 | B14: -0.011320711 | C14: -0.0049911396
A15: 43118 | B15: 0.0080826334 | C15: 0.0062513689
A16: 43119 | B16: 0.0037861469 | C16: 7.1367399e-05
... A1281: 44956 | B1281: -0.01799273 | C1281: -0.0010977571
A1282: (blank)
A1283: Grand Total | B1283: 1.251406 | C1283: 0.49552251

Sheet Stock Return Tesla VS SP
A3: Row Labels | B3: Sum of Tesl%change | C3: Sum of SP%change
A4: 43102
A5: 43103 | B5: 0.028846203 | C5: 0.005261334
A6: 43104 | B6: -0.025327103 | C6: 0.0079544823
A7: 43105 | B7: 0.011985809 | C7: 0.004420239
A8: 43108 | B8: -0.0019581201 | C8: 0.0041518235
A9: 43109 | B9: 0.060632844 | C9: 0.0030918776
A10: 43110 | B10: -0.0088315879 | C10: -0.0020355124
A11: 43111 | B11: 0.0091510835 | C11: 0.002702555
A12: 43112 | B12: 0.010112159 | C12: 0.0062514303
A13: 43116 | B13: -0.0032188672 | C13: 0.010389217
A14: 43117 | B14: 0.0086804826 | C14: -0.0049911396
A15: 43118 | B15: 0.015272976 | C15: 0.0062513689
A16: 43119 | B16: -0.0019382359 | C16: 7.1367399e-05
... A1281: 44956 | B1281: 0.096164567 | C1281: -0.0010977571
A1282: (blank)
A1283: Grand Total | B1283: 3.3521444 | C1283: 0.49552251

Sheet Stock Return Apple VS SP
A3: Row Labels | B3: Sum of App%change | C3: Sum of SP%change
A4: 43102
A5: 43103 | B5: 0.013928044 | C5: 0.005261334
A6: 43104 | B6: 5.7914566e-05 | C6: 0.0079544823
A7: 43105 | B7: 0.0052162515 | C7: 0.004420239
A8: 43108 | B8: 0.0052467942 | C8: 0.0041518235
A9: 43109 | B9: 0.0011470949 | C9: 0.0030918776
A10: 43110 | B10: -0.0079633341 | C10: -0.0020355124
A11: 43111 | B11: 0.0082582119 | C11: 0.002702555
A12: 43112 | B12: 0.0091070281 | C12: 0.0062514303
A13: 43116 | B13: 0.0097627431 | C13: 0.010389217
A14: 43117 | B14: -0.0098369875 | C14: -0.0049911396
A15: 43118 | B15: 0.018279899 | C15: 0.0062513689
A16: 43119 | B16: -0.0042370297 | C16: 7.1367399e-05
... A1281: 44956 | B1281: 0.012573365 | C1281: -0.0010977571
A1282: (blank)
A1283: Grand Total | B1283: 1.500474 | C1283: 0.49552251

Sheet SP500 Stock Returns
A3: Row Labels | B3: Sum of MS%change
A4: 43102
A5: 43103 | B5: -0.00081271337
A6: 43104 | B6: 0.006158471
A7: 43105 | B7: 0.012357178
A8: 43108 | B8: 0.0061600841
A9: 43109 | B9: 0.0051020977
A10: 43110 | B10: -0.0089114606
A11: 43111 | B11: 0.0030730252
A12: 43112 | B12: 0.0061273235
A13: 43116 | B13: 0.016127214
A14: 43117 | B14: -0.011320711
A15: 43118 | B15: 0.0080826334
A16: 43119 | B16: 0.0037861469
... A1281: 44956 | B1281: -0.01799273
A1282: (blank)
A1283: Grand Total | B1283: 1.251406

Sheet Desc_Stat
H2: Comparative Descriptive Statistics
E7: Parameter | F7: MSFT | G7: Tesla | H7: Apple | I7: SP500
E8: Mean | F8: =AVERAGE(MSFT!E2:E1279) -> 194.51055 | G8: =AVERAGE(Tesla!E2:E1279) -> 131.79028 | H8: =AVERAGE(Apple!E2:E1279) -> 98.646516 | I8: =AVERAGE('SP500'!E2:E1279) -> 3457.2301
E9: Median | F9: =MEDIAN(MSFT!E2:E1279) -> 203.05 | G9: =MODE(Tesla!E2:E1279) -> 23.620667 | H9: =MEDIAN(Apple!E2:E1279) -> 95.615002 | I9: =MEDIAN('SP500'!E2:E1279) -> 3298.025
E10: Mode | F10: =MODE(MSFT!E2:E1279) -> 92.330002 | G10: =MODE(Tesla!E2:E1279) -> 23.620667 | H10: =MODE(Apple!E2:E1279) -> 145.86 | I10: =MODE('SP500'!E2:E1279) -> 2783.02
E11: Maximum | F11: =MAX(MSFT!E2:E1279) -> 343.10998 | G11: =MAX(Tesla!E2:E1279) -> 409.97 | H11: =MAX(Apple!E2:E1279) -> 182.01 | I11: =MAX('SP500'!E2:E1279) -> 4796.56
E12: Minimum | F12: =MIN(MSFT!E2:E1279) -> 85.010002 | G12: =MIN(Tesla!E2:E1279) -> 11.931333 | H12: =MIN(Apple!E2:E1279) -> 35.547501 | I12: =MIN('SP500'!E2:E1279) -> 2237.4
E13: Variance | F13: =VAR(MSFT!E2:E1279) -> 5511.8644 | G13: =VAR(Tesla!E2:E1279) -> 13684.081 | H13: =VAR(Apple!E2:E1279) -> 2133.6178 | I13: =VAR('SP500'!E2:E1279) -> 444593.79
E14: Standard Deviation | F14: =STDEV(MSFT!E2:E1279) -> 74.241931 | G14: =STDEV(Tesla!E2:E1279) -> 116.97898 | H14: =STDEV(Apple!E2:E1279) -> 46.191101 | I14: =STDEV('SP500'!E2:E1279) -> 666.77867
E15: Coefficient of Variation | F15: =(F14/F8)*100 -> 38.168589 | G15: =(G14/G8)*100 -> 88.761459 | H15: =(H14/H8)*100 -> 46.824868 | I15: =(I14/I8)*100 -> 19.2865

Sheet Stock Price Trend Microsoft
A3: Row Labels | B3: Sum of Close
A4: 43102 | B4: 85.949997
A5: 43103 | B5: 86.349998
A6: 43104 | B6: 87.110001
A7: 43105 | B7: 88.190002
A8: 43108 | B8: 88.279999
A9: 43109 | B9: 88.220001
A10: 43110 | B10: 87.82
A11: 43111 | B11: 88.080002
A12: 43112 | B12: 89.599998
A13: 43116 | B13: 88.349998
A14: 43117 | B14: 90.139999
A15: 43118 | B15: 90.099998
... A1281: 44956 | B1281: 242.71001
A1282: Grand Total | B1282: 248584.48

Sheet Stock Price Trend Tesla
A3: Row Labels | B3: Sum of Close
A4: 43102 | B4: 21.368668
A5: 43103 | B5: 21.15
A6: 43104 | B6: 20.974667
A7: 43105 | B7: 21.105333
A8: 43108 | B8: 22.427334
A9: 43109 | B9: 22.246
A10: 43110 | B10: 22.32
A11: 43111 | B11: 22.530001
A12: 43112 | B12: 22.414667
A13: 43116 | B13: 22.670668
A14: 43117 | B14: 23.143999
A15: 43118 | B15: 22.971333
... A1281: 44956 | B1281: 166.66
A1282: (blank)
A1283: Grand Total | B1283: 168427.98

Sheet Stock Price Trend Apple
A3: Row Labels | B3: Sum of Close
A4: 43102 | B4: 43.064999
A5: 43103 | B5: 43.057499
A6: 43104 | B6: 43.2575
A7: 43105 | B7: 43.75
A8: 43108 | B8: 43.587502
A9: 43109 | B9: 43.5825
A10: 43110 | B10: 43.572498
A11: 43111 | B11: 43.82
A12: 43112 | B12: 44.272499
A13: 43116 | B13: 44.047501
A14: 43117 | B14: 44.775002
A15: 43118 | B15: 44.814999
... A1281: 44956 | B1281: 143
A1282: (blank)
A1283: Grand Total | B1283: 126070.25

Sheet Stock Price Trend SP500
A3: Row Labels | B3: Sum of Close*
A4: 43102 | B4: 2695.81
A5: 43103 | B5: 2713.06
A6: 43104 | B6: 2723.99
A7: 43105 | B7: 2743.15
A8: 43108 | B8: 2747.71
A9: 43109 | B9: 2751.29
A10: 43110 | B10: 2748.23
A11: 43111 | B11: 2767.56
A12: 43112 | B12: 2786.24
A13: 43116 | B13: 2776.42
A14: 43117 | B14: 2802.56
A15: 43118 | B15: 2798.03
... A1281: 44956 | B1281: 4017.77
A1282: (blank)
A1283: Grand Total | B1283: 4418340

Sheet Dashboard
